{"ratio": [], "shift": [["bind_user_files,user", 0], ["bind_user_files,files", 0]], "colors": [["annotation_color", "#b35806"], ["annotation_text_color", "#f7f7f7"], ["association_attribute_text_color", "#000000"], ["association_cartouche_color", "#fdb863"], ["association_cartouche_text_color", "#000000"], ["association_color", "#fee0b6"], ["association_stroke_color", "#e08214"], ["background_color", "#f7f7f7"], ["card_text_color", "#542788"], ["entity_attribute_text_color", "#000000"], ["entity_cartouche_color", "#b2abd2"], ["entity_cartouche_text_color", "#000000"], ["entity_color", "#d8daeb"], ["entity_stroke_color", "#8073ac"], ["leg_stroke_color", "#e08214"], ["transparent_color", "none"]], "cy": [["user", 68], ["bind_user_files", 68], ["files", 68]], "cx": [["user", 59], ["bind_user_files", 194], ["files", 322]], "size": [374, 136]}